journey_type,total_journeys_millions
Bus,24905.19394699
Underground & DLR,15020.466543504
Overground,1666.8456664279
TfL Rail,411.3134209833
Tram,314.6898754821
Emirates Airline,14.5837175749
